{"labels":[40,440,840,1240,1640,2040,2440,2840,3240,3640,4040,4440,4840,5240,5640,6040,6440,6840,7240,7640,8040,8440,8840,9240,9640,10040,10440,10840,11240,11640,12040,12440,12840,13240,13640,14040,14440,14840,15240,15640,16040,16440,16840,17240,17640,18040,18440,18840,19240,19640,20040,20440,20840,21240,21640,22040,22440,22840,23240,23640,24040,24440,24840,25240,25640,26040,26440,26840,27240,27640,28040,28440,28840,29240,29640,30040,30440,30840,31240,31640,32040,32440,32840,33240,33640,34040,34440,34840,35240,35640,36040,36440,36840,37240,37640,38040,38440,38840,39240,39640,40040,40440,40840,41240,41640,42040,42440,42840,43240,43640,44040,44440,44840,45240,45640,46040,46440,46840,47240,47640,48040,48440,48840,49240,49640,50040,50440,50840,51240,51640,52040,52440,52840,53240,53640,54040,54440,54840,55240,55640,56040,56440,56840,57240,57640,58040,58440,58840,59240,59640,60040,60440,60840,61240,61640,62040,62440,62840,63240,63640,64040,64440,64840,65240,65640,66040,66440,66840,67240,67640,68040,68440,68840,69240,69640,70040,70440,70840,71240,71640,72040,72440,72840,73240,73640,74040,74440,74840,75240,75640,76040,76440,76840,77240,77640,78040,78440,78840,79240,79640,80040,80440,80840,81240,81640,82040,82440,82840,83240,83640,84040,84440,84840,85240,85640,86040,86440,86840,87240,87640,88040,88440,88840,89240,89640,90040,90440,90840,91240,91640,92040,92440,92840,93240,93640,94040,94440,94840,95240,95640,96040,96440,96840,97240,97640,98040,98440,98840,99240,99640,100040,100440,100840,101240,101640,102040,102440],"jsValues":[3.070584000000002,3.068249999999999,3.3976250000000014,0.8881670000000028,1.1573750000000018,1.361457999999999,1.7986250000000013,1.7838330000000013,1.9704579999999936,2.3149999999999977,2.4491670000000028,2.4937910000000016,2.772749999999995,2.932417000000001,3.506457999999995,3.4371249999999947,3.7248749999999973,3.913250000000005,4.4199589999999915,4.500124999999997,4.509249999999994,4.511542000000006,4.748667000000012,4.999625000000009,5.273042000000004,5.549542000000002,5.764583999999985,6.226958000000025,6.7143330000000105,7.018957999999998,6.609166000000016,6.688541000000015,6.651290999999986,7.418999999999983,7.316624999999988,7.934917000000041,7.767459000000031,8.341666999999973,8.78162500000002,8.573916999999994,8.746459000000016,9.205708000000016,9.452999999999975,9.916291999999999,10.339417000000026,9.245207999999991,10.638707999999951,10.08295800000002,10.116708000000017,10.808709000000022,11.481458000000089,11.436749999999961,12.117833000000019,12.057457999999997,11.200124999999957,12.232958000000053,12.656542000000059,12.909125000000017,13.011749999999893,13.311083000000053,13.629791999999952,13.549541999999974,13.447957999999971,15.03495799999996,14.46145899999999,14.741374999999948,15.130667000000017,15.291583999999943,15.539084000000003,15.719749999999976,16.03079200000002,14.87087500000007,15.968083999999862,16.197542000000112,17.346916000000192,17.0798749999999,16.05704199999991,16.844875000000002,16.80295799999999,18.912458000000015,18.219749999999976,18.052875000000085,16.847541999999976,18.425541000000067,18.510333000000173,17.726957999999968,19.537624999999935,18.768125000000055,19.19116699999995,19.57558300000028,19.55229099999997,20.299207999999908,20.183583999999883,20.81100000000015,20.547832999999855,20.373665999999957,19.856541000000107,22.464917000000014,22.481624999999894,22.411583000000064,21.86870799999997,21.213999999999714,23.00316699999985,22.85641600000008,22.54020900000023,22.965667000000394,22.191083000000162,25.284791999999925,24.594750000000204,23.98799999999983,23.9831250000002,24.22112500000003,27.16779200000019,26.50604199999998,26.16570899999988,31.703874999999698,25.797957999999653,24.94558300000017,25.097041999999874,27.92854099999977,27.272415999999794,27.434250000000247,27.193665999999666,26.811875000000327,27.248791999999867,31.59012500000017,30.776792000000114,30.33095800000001,31.21725000000015,29.271166999999878,29.493749999999636,29.178750000000036,28.831125000000156,29.02237500000001,32.37562500000013,32.73716599999989,32.615499999999884,31.14712499999996,30.638166000000183,32.1084579999997,31.574416000000383,29.83458299999984,34.32887500000015,35.515625,34.15783399999964,33.99683300000015,33.7594169999993,33.900541999999405,34.45341600000029,33.6319169999997,32.99895900000047,32.567958000000544,39.127958999999464,39.497958999999355,36.73091699999986,37.25654100000065,36.26375000000007,36.485084000000825,36.5220419999996,35.52399999999943,35.30466699999943,34.651708000000326,35.27070800000001,34.94733300000007,41.37629199999992,42.63854199999969,43.0337499999996,41.60070900000028,40.42395800000031,40.75220799999988,39.29291699999976,40.18237500000032,38.709209000000556,38.252290999999786,38.22724999999991,37.679416999999376,37.816124999999374,37.534708999999566,45.371916000000056,45.42579099999966,44.516750000000684,45.14195799999925,44.729958000000806,44.27287499999966,43.74250000000029,43.552332999999635,46.596166999999696,43.392291000000114,43.56462499999998,42.97308299999986,43.374666999999135,42.81700000000001,42.41729099999975,41.98845799999981,52.27866699999959,51.724708000000646,51.23366700000042,51.077540999999655,50.664999999999964,50.25837500000034,49.84137500000088,49.63995900000009,49.270542000000205,49.02445799999987,51.497292000000016,48.15129200000047,47.73700000000099,47.40491699999984,47.16474999999991,46.6595410000009,46.54500000000007,46.19433299999946,45.81733299999905,57.179667000000336,57.911958000000595,57.453959000000395,58.44129199999952,57.81800000000112,57.54941599999984,56.020415999999386,55.46345900000051,55.01812500000051,54.31616699999904,53.9747499999994,53.193208000000595,52.886375000000044,52.51583399999981,53.26625000000058,51.84470800000054,51.56633300000067,51.218291999999565,51.584499999999025,51.450832999998966,50.2015420000007,50.752291000000696,49.456207999999606,64.83783399999993,64.58770799999911,63.96216699999968,65.10091599999942,64.61783300000025,62.9419999999991,62.65179200000057,62.65491699999984,62.132292000000234,61.73345800000061,62.5557919999992,61.279333999998926,60.92254200000025,61.51633299999958,60.21912500000144,60.37645899999916,59.85529200000019,59.199000000000524,59.579916000000594,59.04020800000035,58.51379199999974],